,STATION,NAME,LATITUDE,LONGITUDE,ELEVATION,DATE,TAVG,TMAX,TMIN
4002,IN022021900,"NEW DELHI SAFDARJUN, IN",28.583,77.2,216.0,2020-01-01,51,,36.0
4003,IN022021900,"NEW DELHI SAFDARJUN, IN",28.583,77.2,216.0,2020-01-02,57,,40.0
4004,IN022021900,"NEW DELHI SAFDARJUN, IN",28.583,77.2,216.0,2020-01-03,58,73.0,46.0
4005,IN022021900,"NEW DELHI SAFDARJUN, IN",28.583,77.2,216.0,2020-01-04,56,74.0,46.0
4006,IN022021900,"NEW DELHI SAFDARJUN, IN",28.583,77.2,216.0,2020-01-05,58,71.0,45.0
4007,IN022021900,"NEW DELHI SAFDARJUN, IN",28.583,77.2,216.0,2020-01-06,59,70.0,50.0
4008,IN022021900,"NEW DELHI SAFDARJUN, IN",28.583,77.2,216.0,2020-01-07,59,66.0,53.0
4009,IN022021900,"NEW DELHI SAFDARJUN, IN",28.583,77.2,216.0,2020-01-08,56,66.0,
4010,IN022021900,"NEW DELHI SAFDARJUN, IN",28.583,77.2,216.0,2020-01-09,51,,
4011,IN022021900,"NEW DELHI SAFDARJUN, IN",28.583,77.2,216.0,2020-01-10,51,,42.0
4012,IN022021900,"NEW DELHI SAFDARJUN, IN",28.583,77.2,216.0,2020-01-11,54,68.0,42.0
4013,IN022021900,"NEW DELHI SAFDARJUN, IN",28.583,77.2,216.0,2020-01-12,56,,45.0
4014,IN022021900,"NEW DELHI SAFDARJUN, IN",28.583,77.2,216.0,2020-01-13,58,74.0,46.0
4015,IN022021900,"NEW DELHI SAFDARJUN, IN",28.583,77.2,216.0,2020-01-14,55,68.0,
4016,IN022021900,"NEW DELHI SAFDARJUN, IN",28.583,77.2,216.0,2020-01-15,57,,44.0
4017,IN022021900,"NEW DELHI SAFDARJUN, IN",28.583,77.2,216.0,2020-01-16,56,68.0,49.0
4018,IN022021900,"NEW DELHI SAFDARJUN, IN",28.583,77.2,216.0,2020-01-17,56,,
4019,IN022021900,"NEW DELHI SAFDARJUN, IN",28.583,77.2,216.0,2020-01-18,54,64.0,47.0
4020,IN022021900,"NEW DELHI SAFDARJUN, IN",28.583,77.2,216.0,2020-01-19,52,64.0,45.0
4021,IN022021900,"NEW DELHI SAFDARJUN, IN",28.583,77.2,216.0,2020-01-20,53,62.0,47.0
4022,IN022021900,"NEW DELHI SAFDARJUN, IN",28.583,77.2,216.0,2020-01-21,56,,49.0
4023,IN022021900,"NEW DELHI SAFDARJUN, IN",28.583,77.2,216.0,2020-01-22,55,68.0,45.0
4024,IN022021900,"NEW DELHI SAFDARJUN, IN",28.583,77.2,216.0,2020-01-23,57,,48.0
4025,IN022021900,"NEW DELHI SAFDARJUN, IN",28.583,77.2,216.0,2020-01-24,56,,
4026,IN022021900,"NEW DELHI SAFDARJUN, IN",28.583,77.2,216.0,2020-01-25,53,70.0,41.0
4027,IN022021900,"NEW DELHI SAFDARJUN, IN",28.583,77.2,216.0,2020-01-26,58,,44.0
4028,IN022021900,"NEW DELHI SAFDARJUN, IN",28.583,77.2,216.0,2020-01-27,60,73.0,47.0
4029,IN022021900,"NEW DELHI SAFDARJUN, IN",28.583,77.2,216.0,2020-01-28,61,73.0,51.0
4030,IN022021900,"NEW DELHI SAFDARJUN, IN",28.583,77.2,216.0,2020-01-29,58,72.0,50.0
4031,IN022021900,"NEW DELHI SAFDARJUN, IN",28.583,77.2,216.0,2020-01-30,56,69.0,46.0
4032,IN022021900,"NEW DELHI SAFDARJUN, IN",28.583,77.2,216.0,2020-01-31,55,68.0,45.0
4033,IN022021900,"NEW DELHI SAFDARJUN, IN",28.583,77.2,216.0,2020-02-01,54,67.0,42.0
4034,IN022021900,"NEW DELHI SAFDARJUN, IN",28.583,77.2,216.0,2020-02-02,54,68.0,43.0
4035,IN022021900,"NEW DELHI SAFDARJUN, IN",28.583,77.2,216.0,2020-02-03,55,,42.0
4036,IN022021900,"NEW DELHI SAFDARJUN, IN",28.583,77.2,216.0,2020-02-04,58,72.0,42.0
4037,IN022021900,"NEW DELHI SAFDARJUN, IN",28.583,77.2,216.0,2020-02-05,56,73.0,44.0
4038,IN022021900,"NEW DELHI SAFDARJUN, IN",28.583,77.2,216.0,2020-02-06,54,70.0,43.0
4039,IN022021900,"NEW DELHI SAFDARJUN, IN",28.583,77.2,216.0,2020-02-07,55,69.0,43.0
4040,IN022021900,"NEW DELHI SAFDARJUN, IN",28.583,77.2,216.0,2020-02-08,57,,45.0
4041,IN022021900,"NEW DELHI SAFDARJUN, IN",28.583,77.2,216.0,2020-02-09,57,,44.0
4042,IN022021900,"NEW DELHI SAFDARJUN, IN",28.583,77.2,216.0,2020-02-10,56,73.0,43.0
4043,IN022021900,"NEW DELHI SAFDARJUN, IN",28.583,77.2,216.0,2020-02-11,58,,43.0
4044,IN022021900,"NEW DELHI SAFDARJUN, IN",28.583,77.2,216.0,2020-02-12,63,,47.0
4045,IN022021900,"NEW DELHI SAFDARJUN, IN",28.583,77.2,216.0,2020-02-13,68,,54.0
4046,IN022021900,"NEW DELHI SAFDARJUN, IN",28.583,77.2,216.0,2020-02-14,66,82.0,57.0
4047,IN022021900,"NEW DELHI SAFDARJUN, IN",28.583,77.2,216.0,2020-02-15,65,78.0,53.0
4048,IN022021900,"NEW DELHI SAFDARJUN, IN",28.583,77.2,216.0,2020-02-16,63,,48.0
4049,IN022021900,"NEW DELHI SAFDARJUN, IN",28.583,77.2,216.0,2020-02-17,64,81.0,48.0
4050,IN022021900,"NEW DELHI SAFDARJUN, IN",28.583,77.2,216.0,2020-02-18,63,80.0,50.0
4051,IN022021900,"NEW DELHI SAFDARJUN, IN",28.583,77.2,216.0,2020-02-19,66,80.0,47.0
4052,IN022021900,"NEW DELHI SAFDARJUN, IN",28.583,77.2,216.0,2020-02-20,71,,56.0
4053,IN022021900,"NEW DELHI SAFDARJUN, IN",28.583,77.2,216.0,2020-02-21,62,81.0,
4054,IN022021900,"NEW DELHI SAFDARJUN, IN",28.583,77.2,216.0,2020-02-22,65,,55.0
4055,IN022021900,"NEW DELHI SAFDARJUN, IN",28.583,77.2,216.0,2020-02-23,68,,55.0
4056,IN022021900,"NEW DELHI SAFDARJUN, IN",28.583,77.2,216.0,2020-02-24,67,80.0,53.0
4057,IN022021900,"NEW DELHI SAFDARJUN, IN",28.583,77.2,216.0,2020-02-25,67,80.0,55.0
4058,IN022021900,"NEW DELHI SAFDARJUN, IN",28.583,77.2,216.0,2020-02-26,69,,55.0
4059,IN022021900,"NEW DELHI SAFDARJUN, IN",28.583,77.2,216.0,2020-02-27,69,81.0,55.0
4060,IN022021900,"NEW DELHI SAFDARJUN, IN",28.583,77.2,216.0,2020-02-28,70,81.0,62.0
4061,IN022021900,"NEW DELHI SAFDARJUN, IN",28.583,77.2,216.0,2020-02-29,67,,
4062,IN022021900,"NEW DELHI SAFDARJUN, IN",28.583,77.2,216.0,2020-03-01,71,,58.0
4063,IN022021900,"NEW DELHI SAFDARJUN, IN",28.583,77.2,216.0,2020-03-02,70,,58.0
4064,IN022021900,"NEW DELHI SAFDARJUN, IN",28.583,77.2,216.0,2020-03-03,70,,58.0
4065,IN022021900,"NEW DELHI SAFDARJUN, IN",28.583,77.2,216.0,2020-03-04,70,84.0,58.0
4066,IN022021900,"NEW DELHI SAFDARJUN, IN",28.583,77.2,216.0,2020-03-05,68,85.0,58.0
4067,IN022021900,"NEW DELHI SAFDARJUN, IN",28.583,77.2,216.0,2020-03-06,61,81.0,57.0
4068,IN022021900,"NEW DELHI SAFDARJUN, IN",28.583,77.2,216.0,2020-03-07,63,72.0,55.0
4069,IN022021900,"NEW DELHI SAFDARJUN, IN",28.583,77.2,216.0,2020-03-08,64,,52.0
4070,IN022021900,"NEW DELHI SAFDARJUN, IN",28.583,77.2,216.0,2020-03-09,65,,54.0
4071,IN022021900,"NEW DELHI SAFDARJUN, IN",28.583,77.2,216.0,2020-03-10,67,,50.0
4072,IN022021900,"NEW DELHI SAFDARJUN, IN",28.583,77.2,216.0,2020-03-11,71,,59.0
4073,IN022021900,"NEW DELHI SAFDARJUN, IN",28.583,77.2,216.0,2020-03-12,71,81.0,58.0
4074,IN022021900,"NEW DELHI SAFDARJUN, IN",28.583,77.2,216.0,2020-03-13,70,82.0,57.0
4075,IN022021900,"NEW DELHI SAFDARJUN, IN",28.583,77.2,216.0,2020-03-14,65,83.0,
4076,IN022021900,"NEW DELHI SAFDARJUN, IN",28.583,77.2,216.0,2020-03-15,66,,54.0
4077,IN022021900,"NEW DELHI SAFDARJUN, IN",28.583,77.2,216.0,2020-03-16,68,,55.0
4078,IN022021900,"NEW DELHI SAFDARJUN, IN",28.583,77.2,216.0,2020-03-17,69,,56.0
4079,IN022021900,"NEW DELHI SAFDARJUN, IN",28.583,77.2,216.0,2020-03-18,72,,56.0
4080,IN022021900,"NEW DELHI SAFDARJUN, IN",28.583,77.2,216.0,2020-03-19,74,,61.0
4081,IN022021900,"NEW DELHI SAFDARJUN, IN",28.583,77.2,216.0,2020-03-20,76,,62.0
4082,IN022021900,"NEW DELHI SAFDARJUN, IN",28.583,77.2,216.0,2020-03-21,74,89.0,64.0
4083,IN022021900,"NEW DELHI SAFDARJUN, IN",28.583,77.2,216.0,2020-03-22,75,,60.0
4084,IN022021900,"NEW DELHI SAFDARJUN, IN",28.583,77.2,216.0,2020-03-23,76,,62.0
4085,IN022021900,"NEW DELHI SAFDARJUN, IN",28.583,77.2,216.0,2020-03-24,74,,65.0
4086,IN022021900,"NEW DELHI SAFDARJUN, IN",28.583,77.2,216.0,2020-03-25,78,91.0,62.0
4087,IN022021900,"NEW DELHI SAFDARJUN, IN",28.583,77.2,216.0,2020-03-26,75,92.0,66.0
4088,IN022021900,"NEW DELHI SAFDARJUN, IN",28.583,77.2,216.0,2020-03-27,71,85.0,
4089,IN022021900,"NEW DELHI SAFDARJUN, IN",28.583,77.2,216.0,2020-03-28,71,82.0,60.0
4090,IN022021900,"NEW DELHI SAFDARJUN, IN",28.583,77.2,216.0,2020-03-29,75,,62.0
4091,IN022021900,"NEW DELHI SAFDARJUN, IN",28.583,77.2,216.0,2020-03-30,73,87.0,60.0
4092,IN022021900,"NEW DELHI SAFDARJUN, IN",28.583,77.2,216.0,2020-03-31,76,,61.0
4093,IN022021900,"NEW DELHI SAFDARJUN, IN",28.583,77.2,216.0,2020-04-01,78,91.0,63.0
4094,IN022021900,"NEW DELHI SAFDARJUN, IN",28.583,77.2,216.0,2020-04-02,77,91.0,65.0
4095,IN022021900,"NEW DELHI SAFDARJUN, IN",28.583,77.2,216.0,2020-04-03,74,88.0,60.0
4096,IN022021900,"NEW DELHI SAFDARJUN, IN",28.583,77.2,216.0,2020-04-04,75,,58.0
4097,IN022021900,"NEW DELHI SAFDARJUN, IN",28.583,77.2,216.0,2020-04-05,78,92.0,62.0
4098,IN022021900,"NEW DELHI SAFDARJUN, IN",28.583,77.2,216.0,2020-04-06,84,,65.0
4099,IN022021900,"NEW DELHI SAFDARJUN, IN",28.583,77.2,216.0,2020-04-07,80,96.0,64.0
4100,IN022021900,"NEW DELHI SAFDARJUN, IN",28.583,77.2,216.0,2020-04-08,78,94.0,68.0
4101,IN022021900,"NEW DELHI SAFDARJUN, IN",28.583,77.2,216.0,2020-04-09,76,92.0,
4102,IN022021900,"NEW DELHI SAFDARJUN, IN",28.583,77.2,216.0,2020-04-10,81,,63.0
4103,IN022021900,"NEW DELHI SAFDARJUN, IN",28.583,77.2,216.0,2020-04-11,85,,66.0
4104,IN022021900,"NEW DELHI SAFDARJUN, IN",28.583,77.2,216.0,2020-04-12,84,98.0,69.0
4105,IN022021900,"NEW DELHI SAFDARJUN, IN",28.583,77.2,216.0,2020-04-13,87,,69.0
4106,IN022021900,"NEW DELHI SAFDARJUN, IN",28.583,77.2,216.0,2020-04-14,88,,74.0
4107,IN022021900,"NEW DELHI SAFDARJUN, IN",28.583,77.2,216.0,2020-04-15,88,103.0,75.0
4108,IN022021900,"NEW DELHI SAFDARJUN, IN",28.583,77.2,216.0,2020-04-16,86,104.0,71.0
4109,IN022021900,"NEW DELHI SAFDARJUN, IN",28.583,77.2,216.0,2020-04-17,88,103.0,78.0
4110,IN022021900,"NEW DELHI SAFDARJUN, IN",28.583,77.2,216.0,2020-04-18,83,100.0,
4111,IN022021900,"NEW DELHI SAFDARJUN, IN",28.583,77.2,216.0,2020-04-19,81,99.0,66.0
4112,IN022021900,"NEW DELHI SAFDARJUN, IN",28.583,77.2,216.0,2020-04-20,80,95.0,68.0
4113,IN022021900,"NEW DELHI SAFDARJUN, IN",28.583,77.2,216.0,2020-04-21,81,,67.0
4114,IN022021900,"NEW DELHI SAFDARJUN, IN",28.583,77.2,216.0,2020-04-22,83,,66.0
4115,IN022021900,"NEW DELHI SAFDARJUN, IN",28.583,77.2,216.0,2020-04-23,83,97.0,74.0
4116,IN022021900,"NEW DELHI SAFDARJUN, IN",28.583,77.2,216.0,2020-04-24,85,,68.0
4117,IN022021900,"NEW DELHI SAFDARJUN, IN",28.583,77.2,216.0,2020-04-25,87,101.0,75.0
4118,IN022021900,"NEW DELHI SAFDARJUN, IN",28.583,77.2,216.0,2020-04-26,76,100.0,
4119,IN022021900,"NEW DELHI SAFDARJUN, IN",28.583,77.2,216.0,2020-04-27,81,,66.0
4120,IN022021900,"NEW DELHI SAFDARJUN, IN",28.583,77.2,216.0,2020-04-28,84,93.0,72.0
4121,IN022021900,"NEW DELHI SAFDARJUN, IN",28.583,77.2,216.0,2020-04-29,86,,73.0
4122,IN022021900,"NEW DELHI SAFDARJUN, IN",28.583,77.2,216.0,2020-04-30,88,,77.0
4123,IN022021900,"NEW DELHI SAFDARJUN, IN",28.583,77.2,216.0,2020-05-01,89,102.0,76.0
4124,IN022021900,"NEW DELHI SAFDARJUN, IN",28.583,77.2,216.0,2020-05-02,88,102.0,76.0
4125,IN022021900,"NEW DELHI SAFDARJUN, IN",28.583,77.2,216.0,2020-05-03,81,100.0,
4126,IN022021900,"NEW DELHI SAFDARJUN, IN",28.583,77.2,216.0,2020-05-04,83,,68.0
4127,IN022021900,"NEW DELHI SAFDARJUN, IN",28.583,77.2,216.0,2020-05-05,87,99.0,73.0
4128,IN022021900,"NEW DELHI SAFDARJUN, IN",28.583,77.2,216.0,2020-05-06,85,99.0,75.0
4129,IN022021900,"NEW DELHI SAFDARJUN, IN",28.583,77.2,216.0,2020-05-07,85,,71.0
4130,IN022021900,"NEW DELHI SAFDARJUN, IN",28.583,77.2,216.0,2020-05-08,90,,75.0
4131,IN022021900,"NEW DELHI SAFDARJUN, IN",28.583,77.2,216.0,2020-05-09,92,,79.0
4132,IN022021900,"NEW DELHI SAFDARJUN, IN",28.583,77.2,216.0,2020-05-10,82,106.0,
4133,IN022021900,"NEW DELHI SAFDARJUN, IN",28.583,77.2,216.0,2020-05-11,85,96.0,69.0
4134,IN022021900,"NEW DELHI SAFDARJUN, IN",28.583,77.2,216.0,2020-05-12,88,,76.0
4135,IN022021900,"NEW DELHI SAFDARJUN, IN",28.583,77.2,216.0,2020-05-13,86,99.0,
4136,IN022021900,"NEW DELHI SAFDARJUN, IN",28.583,77.2,216.0,2020-05-14,87,103.0,74.0
4137,IN022021900,"NEW DELHI SAFDARJUN, IN",28.583,77.2,216.0,2020-05-15,89,103.0,74.0
4138,IN022021900,"NEW DELHI SAFDARJUN, IN",28.583,77.2,216.0,2020-05-16,89,,75.0
4139,IN022021900,"NEW DELHI SAFDARJUN, IN",28.583,77.2,216.0,2020-05-17,90,105.0,74.0
4140,IN022021900,"NEW DELHI SAFDARJUN, IN",28.583,77.2,216.0,2020-05-18,90,105.0,74.0
4141,IN022021900,"NEW DELHI SAFDARJUN, IN",28.583,77.2,216.0,2020-05-19,90,105.0,72.0
4142,IN022021900,"NEW DELHI SAFDARJUN, IN",28.583,77.2,216.0,2020-05-20,91,105.0,72.0
4143,IN022021900,"NEW DELHI SAFDARJUN, IN",28.583,77.2,216.0,2020-05-21,92,,77.0
4144,IN022021900,"NEW DELHI SAFDARJUN, IN",28.583,77.2,216.0,2020-05-22,94,,75.0
4145,IN022021900,"NEW DELHI SAFDARJUN, IN",28.583,77.2,216.0,2020-05-23,101,,79.0
4146,IN022021900,"NEW DELHI SAFDARJUN, IN",28.583,77.2,216.0,2020-05-24,98,112.0,84.0
4147,IN022021900,"NEW DELHI SAFDARJUN, IN",28.583,77.2,216.0,2020-05-25,97,112.0,81.0
4148,IN022021900,"NEW DELHI SAFDARJUN, IN",28.583,77.2,216.0,2020-05-26,100,,83.0
4149,IN022021900,"NEW DELHI SAFDARJUN, IN",28.583,77.2,216.0,2020-05-27,99,115.0,83.0
4150,IN022021900,"NEW DELHI SAFDARJUN, IN",28.583,77.2,216.0,2020-05-28,91,115.0,
4151,IN022021900,"NEW DELHI SAFDARJUN, IN",28.583,77.2,216.0,2020-05-29,83,105.0,73.0
4152,IN022021900,"NEW DELHI SAFDARJUN, IN",28.583,77.2,216.0,2020-05-30,85,99.0,72.0
4153,IN022021900,"NEW DELHI SAFDARJUN, IN",28.583,77.2,216.0,2020-05-31,78,95.0,68.0
4154,IN022021900,"NEW DELHI SAFDARJUN, IN",28.583,77.2,216.0,2020-06-01,85,,70.0
4155,IN022021900,"NEW DELHI SAFDARJUN, IN",28.583,77.2,216.0,2020-06-02,88,,77.0
4156,IN022021900,"NEW DELHI SAFDARJUN, IN",28.583,77.2,216.0,2020-06-03,87,98.0,77.0
4157,IN022021900,"NEW DELHI SAFDARJUN, IN",28.583,77.2,216.0,2020-06-04,85,98.0,77.0
4158,IN022021900,"NEW DELHI SAFDARJUN, IN",28.583,77.2,216.0,2020-06-05,84,97.0,77.0
4159,IN022021900,"NEW DELHI SAFDARJUN, IN",28.583,77.2,216.0,2020-06-06,88,,75.0
4160,IN022021900,"NEW DELHI SAFDARJUN, IN",28.583,77.2,216.0,2020-06-07,85,98.0,74.0
4161,IN022021900,"NEW DELHI SAFDARJUN, IN",28.583,77.2,216.0,2020-06-08,89,,77.0
4162,IN022021900,"NEW DELHI SAFDARJUN, IN",28.583,77.2,216.0,2020-06-09,94,,80.0
4163,IN022021900,"NEW DELHI SAFDARJUN, IN",28.583,77.2,216.0,2020-06-10,93,105.0,80.0
4164,IN022021900,"NEW DELHI SAFDARJUN, IN",28.583,77.2,216.0,2020-06-11,95,107.0,81.0
4165,IN022021900,"NEW DELHI SAFDARJUN, IN",28.583,77.2,216.0,2020-06-12,96,105.0,87.0
4166,IN022021900,"NEW DELHI SAFDARJUN, IN",28.583,77.2,216.0,2020-06-13,91,107.0,
4167,IN022021900,"NEW DELHI SAFDARJUN, IN",28.583,77.2,216.0,2020-06-14,95,,82.0
4168,IN022021900,"NEW DELHI SAFDARJUN, IN",28.583,77.2,216.0,2020-06-15,96,,83.0
4169,IN022021900,"NEW DELHI SAFDARJUN, IN",28.583,77.2,216.0,2020-06-16,96,,86.0
4170,IN022021900,"NEW DELHI SAFDARJUN, IN",28.583,77.2,216.0,2020-06-17,97,108.0,85.0
4171,IN022021900,"NEW DELHI SAFDARJUN, IN",28.583,77.2,216.0,2020-06-18,99,,83.0
4172,IN022021900,"NEW DELHI SAFDARJUN, IN",28.583,77.2,216.0,2020-06-19,98,108.0,86.0
4173,IN022021900,"NEW DELHI SAFDARJUN, IN",28.583,77.2,216.0,2020-06-20,88,106.0,72.0
4174,IN022021900,"NEW DELHI SAFDARJUN, IN",28.583,77.2,216.0,2020-06-21,89,101.0,76.0
4175,IN022021900,"NEW DELHI SAFDARJUN, IN",28.583,77.2,216.0,2020-06-22,90,,74.0
4176,IN022021900,"NEW DELHI SAFDARJUN, IN",28.583,77.2,216.0,2020-06-23,92,,82.0
4177,IN022021900,"NEW DELHI SAFDARJUN, IN",28.583,77.2,216.0,2020-06-24,88,99.0,
4178,IN022021900,"NEW DELHI SAFDARJUN, IN",28.583,77.2,216.0,2020-06-25,89,,80.0
4179,IN022021900,"NEW DELHI SAFDARJUN, IN",28.583,77.2,216.0,2020-06-26,91,,81.0
4180,IN022021900,"NEW DELHI SAFDARJUN, IN",28.583,77.2,216.0,2020-06-27,95,,83.0
4181,IN022021900,"NEW DELHI SAFDARJUN, IN",28.583,77.2,216.0,2020-06-28,98,,85.0
4182,IN022021900,"NEW DELHI SAFDARJUN, IN",28.583,77.2,216.0,2020-06-29,97,,
4183,IN022021900,"NEW DELHI SAFDARJUN, IN",28.583,77.2,216.0,2020-06-30,92,105.0,76.0
4184,IN022021900,"NEW DELHI SAFDARJUN, IN",28.583,77.2,216.0,2020-07-01,94,,84.0
4185,IN022021900,"NEW DELHI SAFDARJUN, IN",28.583,77.2,216.0,2020-07-02,97,,86.0
4186,IN022021900,"NEW DELHI SAFDARJUN, IN",28.583,77.2,216.0,2020-07-03,97,,87.0
4187,IN022021900,"NEW DELHI SAFDARJUN, IN",28.583,77.2,216.0,2020-07-04,95,107.0,85.0
4188,IN022021900,"NEW DELHI SAFDARJUN, IN",28.583,77.2,216.0,2020-07-05,83,104.0,72.0
4189,IN022021900,"NEW DELHI SAFDARJUN, IN",28.583,77.2,216.0,2020-07-06,89,,79.0
4190,IN022021900,"NEW DELHI SAFDARJUN, IN",28.583,77.2,216.0,2020-07-07,88,97.0,80.0
4191,IN022021900,"NEW DELHI SAFDARJUN, IN",28.583,77.2,216.0,2020-07-08,89,,80.0
4192,IN022021900,"NEW DELHI SAFDARJUN, IN",28.583,77.2,216.0,2020-07-09,92,,81.0
4193,IN022021900,"NEW DELHI SAFDARJUN, IN",28.583,77.2,216.0,2020-07-10,93,,
4194,IN022021900,"NEW DELHI SAFDARJUN, IN",28.583,77.2,216.0,2020-07-11,89,101.0,75.0
4195,IN022021900,"NEW DELHI SAFDARJUN, IN",28.583,77.2,216.0,2020-07-12,87,,
4196,IN022021900,"NEW DELHI SAFDARJUN, IN",28.583,77.2,216.0,2020-07-13,90,,79.0
4197,IN022021900,"NEW DELHI SAFDARJUN, IN",28.583,77.2,216.0,2020-07-14,93,101.0,82.0
4198,IN022021900,"NEW DELHI SAFDARJUN, IN",28.583,77.2,216.0,2020-07-15,91,101.0,84.0
4199,IN022021900,"NEW DELHI SAFDARJUN, IN",28.583,77.2,216.0,2020-07-16,88,,
4200,IN022021900,"NEW DELHI SAFDARJUN, IN",28.583,77.2,216.0,2020-07-17,89,100.0,83.0
4201,IN022021900,"NEW DELHI SAFDARJUN, IN",28.583,77.2,216.0,2020-07-18,90,99.0,85.0
4202,IN022021900,"NEW DELHI SAFDARJUN, IN",28.583,77.2,216.0,2020-07-19,85,98.0,74.0
4203,IN022021900,"NEW DELHI SAFDARJUN, IN",28.583,77.2,216.0,2020-07-20,84,95.0,
4204,IN022021900,"NEW DELHI SAFDARJUN, IN",28.583,77.2,216.0,2020-07-21,79,91.0,74.0
4205,IN022021900,"NEW DELHI SAFDARJUN, IN",28.583,77.2,216.0,2020-07-22,79,92.0,75.0
4206,IN022021900,"NEW DELHI SAFDARJUN, IN",28.583,77.2,216.0,2020-07-23,86,,75.0
4207,IN022021900,"NEW DELHI SAFDARJUN, IN",28.583,77.2,216.0,2020-07-24,88,,
4208,IN022021900,"NEW DELHI SAFDARJUN, IN",28.583,77.2,216.0,2020-07-25,89,96.0,79.0
4209,IN022021900,"NEW DELHI SAFDARJUN, IN",28.583,77.2,216.0,2020-07-26,91,,80.0
4210,IN022021900,"NEW DELHI SAFDARJUN, IN",28.583,77.2,216.0,2020-07-27,93,,83.0
4211,IN022021900,"NEW DELHI SAFDARJUN, IN",28.583,77.2,216.0,2020-07-28,94,100.0,84.0
4212,IN022021900,"NEW DELHI SAFDARJUN, IN",28.583,77.2,216.0,2020-07-29,87,99.0,
4213,IN022021900,"NEW DELHI SAFDARJUN, IN",28.583,77.2,216.0,2020-07-30,85,98.0,78.0
4214,IN022021900,"NEW DELHI SAFDARJUN, IN",28.583,77.2,216.0,2020-07-31,89,,81.0
4215,IN022021900,"NEW DELHI SAFDARJUN, IN",28.583,77.2,216.0,2020-08-01,87,,80.0
4216,IN022021900,"NEW DELHI SAFDARJUN, IN",28.583,77.2,216.0,2020-08-02,91,,79.0
4217,IN022021900,"NEW DELHI SAFDARJUN, IN",28.583,77.2,216.0,2020-08-03,92,99.0,83.0
4218,IN022021900,"NEW DELHI SAFDARJUN, IN",28.583,77.2,216.0,2020-08-04,91,99.0,84.0
4219,IN022021900,"NEW DELHI SAFDARJUN, IN",28.583,77.2,216.0,2020-08-05,88,97.0,82.0
4220,IN022021900,"NEW DELHI SAFDARJUN, IN",28.583,77.2,216.0,2020-08-06,91,,81.0
4221,IN022021900,"NEW DELHI SAFDARJUN, IN",28.583,77.2,216.0,2020-08-07,92,99.0,82.0
4222,IN022021900,"NEW DELHI SAFDARJUN, IN",28.583,77.2,216.0,2020-08-08,93,,83.0
4223,IN022021900,"NEW DELHI SAFDARJUN, IN",28.583,77.2,216.0,2020-08-09,88,100.0,79.0
4224,IN022021900,"NEW DELHI SAFDARJUN, IN",28.583,77.2,216.0,2020-08-10,89,95.0,81.0
4225,IN022021900,"NEW DELHI SAFDARJUN, IN",28.583,77.2,216.0,2020-08-11,89,,82.0
4226,IN022021900,"NEW DELHI SAFDARJUN, IN",28.583,77.2,216.0,2020-08-12,90,98.0,
4227,IN022021900,"NEW DELHI SAFDARJUN, IN",28.583,77.2,216.0,2020-08-13,80,,
4228,IN022021900,"NEW DELHI SAFDARJUN, IN",28.583,77.2,216.0,2020-08-14,85,,78.0
4229,IN022021900,"NEW DELHI SAFDARJUN, IN",28.583,77.2,216.0,2020-08-15,89,,80.0
4230,IN022021900,"NEW DELHI SAFDARJUN, IN",28.583,77.2,216.0,2020-08-16,90,,80.0
4231,IN022021900,"NEW DELHI SAFDARJUN, IN",28.583,77.2,216.0,2020-08-17,87,98.0,83.0
4232,IN022021900,"NEW DELHI SAFDARJUN, IN",28.583,77.2,216.0,2020-08-18,88,96.0,81.0
4233,IN022021900,"NEW DELHI SAFDARJUN, IN",28.583,77.2,216.0,2020-08-19,80,95.0,
4234,IN022021900,"NEW DELHI SAFDARJUN, IN",28.583,77.2,216.0,2020-08-20,79,,75.0
4235,IN022021900,"NEW DELHI SAFDARJUN, IN",28.583,77.2,216.0,2020-08-21,87,,76.0
4236,IN022021900,"NEW DELHI SAFDARJUN, IN",28.583,77.2,216.0,2020-08-22,88,95.0,77.0
4237,IN022021900,"NEW DELHI SAFDARJUN, IN",28.583,77.2,216.0,2020-08-23,87,96.0,80.0
4238,IN022021900,"NEW DELHI SAFDARJUN, IN",28.583,77.2,216.0,2020-08-24,86,94.0,79.0
4239,IN022021900,"NEW DELHI SAFDARJUN, IN",28.583,77.2,216.0,2020-08-25,86,,78.0
4240,IN022021900,"NEW DELHI SAFDARJUN, IN",28.583,77.2,216.0,2020-08-26,88,,80.0
4241,IN022021900,"NEW DELHI SAFDARJUN, IN",28.583,77.2,216.0,2020-08-27,89,,79.0
4242,IN022021900,"NEW DELHI SAFDARJUN, IN",28.583,77.2,216.0,2020-08-28,83,96.0,
4243,IN022021900,"NEW DELHI SAFDARJUN, IN",28.583,77.2,216.0,2020-08-29,87,,77.0
4244,IN022021900,"NEW DELHI SAFDARJUN, IN",28.583,77.2,216.0,2020-08-30,84,95.0,80.0
4245,IN022021900,"NEW DELHI SAFDARJUN, IN",28.583,77.2,216.0,2020-08-31,85,,78.0
4246,IN022021900,"NEW DELHI SAFDARJUN, IN",28.583,77.2,216.0,2020-09-01,88,,77.0
4247,IN022021900,"NEW DELHI SAFDARJUN, IN",28.583,77.2,216.0,2020-09-02,88,,78.0
4248,IN022021900,"NEW DELHI SAFDARJUN, IN",28.583,77.2,216.0,2020-09-03,90,95.0,81.0
4249,IN022021900,"NEW DELHI SAFDARJUN, IN",28.583,77.2,216.0,2020-09-04,88,,79.0
4250,IN022021900,"NEW DELHI SAFDARJUN, IN",28.583,77.2,216.0,2020-09-05,87,,
4251,IN022021900,"NEW DELHI SAFDARJUN, IN",28.583,77.2,216.0,2020-09-06,87,98.0,73.0
4252,IN022021900,"NEW DELHI SAFDARJUN, IN",28.583,77.2,216.0,2020-09-07,85,96.0,78.0
4253,IN022021900,"NEW DELHI SAFDARJUN, IN",28.583,77.2,216.0,2020-09-08,88,,77.0
4254,IN022021900,"NEW DELHI SAFDARJUN, IN",28.583,77.2,216.0,2020-09-09,89,,79.0
4255,IN022021900,"NEW DELHI SAFDARJUN, IN",28.583,77.2,216.0,2020-09-10,88,96.0,79.0
4256,IN022021900,"NEW DELHI SAFDARJUN, IN",28.583,77.2,216.0,2020-09-11,88,,79.0
4257,IN022021900,"NEW DELHI SAFDARJUN, IN",28.583,77.2,216.0,2020-09-12,91,100.0,78.0
4258,IN022021900,"NEW DELHI SAFDARJUN, IN",28.583,77.2,216.0,2020-09-13,91,99.0,80.0
4259,IN022021900,"NEW DELHI SAFDARJUN, IN",28.583,77.2,216.0,2020-09-14,91,99.0,81.0
4260,IN022021900,"NEW DELHI SAFDARJUN, IN",28.583,77.2,216.0,2020-09-15,91,,79.0
4261,IN022021900,"NEW DELHI SAFDARJUN, IN",28.583,77.2,216.0,2020-09-16,92,,80.0
4262,IN022021900,"NEW DELHI SAFDARJUN, IN",28.583,77.2,216.0,2020-09-17,93,100.0,81.0
4263,IN022021900,"NEW DELHI SAFDARJUN, IN",28.583,77.2,216.0,2020-09-18,94,,82.0
4264,IN022021900,"NEW DELHI SAFDARJUN, IN",28.583,77.2,216.0,2020-09-19,92,100.0,82.0
4265,IN022021900,"NEW DELHI SAFDARJUN, IN",28.583,77.2,216.0,2020-09-20,91,99.0,80.0
4266,IN022021900,"NEW DELHI SAFDARJUN, IN",28.583,77.2,216.0,2020-09-21,91,,80.0
4267,IN022021900,"NEW DELHI SAFDARJUN, IN",28.583,77.2,216.0,2020-09-22,91,,81.0
4268,IN022021900,"NEW DELHI SAFDARJUN, IN",28.583,77.2,216.0,2020-09-23,91,99.0,82.0
4269,IN022021900,"NEW DELHI SAFDARJUN, IN",28.583,77.2,216.0,2020-09-24,89,98.0,78.0
4270,IN022021900,"NEW DELHI SAFDARJUN, IN",28.583,77.2,216.0,2020-09-25,90,,78.0
4271,IN022021900,"NEW DELHI SAFDARJUN, IN",28.583,77.2,216.0,2020-09-26,87,99.0,76.0
4272,IN022021900,"NEW DELHI SAFDARJUN, IN",28.583,77.2,216.0,2020-09-27,88,,74.0
4273,IN022021900,"NEW DELHI SAFDARJUN, IN",28.583,77.2,216.0,2020-09-28,87,97.0,72.0
4274,IN022021900,"NEW DELHI SAFDARJUN, IN",28.583,77.2,216.0,2020-09-29,88,,72.0
4275,IN022021900,"NEW DELHI SAFDARJUN, IN",28.583,77.2,216.0,2020-09-30,86,98.0,71.0
4276,IN022021900,"NEW DELHI SAFDARJUN, IN",28.583,77.2,216.0,2020-10-01,87,,71.0
4277,IN022021900,"NEW DELHI SAFDARJUN, IN",28.583,77.2,216.0,2020-10-02,86,98.0,69.0
4278,IN022021900,"NEW DELHI SAFDARJUN, IN",28.583,77.2,216.0,2020-10-03,85,98.0,69.0
4279,IN022021900,"NEW DELHI SAFDARJUN, IN",28.583,77.2,216.0,2020-10-04,83,97.0,65.0
4280,IN022021900,"NEW DELHI SAFDARJUN, IN",28.583,77.2,216.0,2020-10-05,84,95.0,67.0
4281,IN022021900,"NEW DELHI SAFDARJUN, IN",28.583,77.2,216.0,2020-10-06,84,,65.0
4282,IN022021900,"NEW DELHI SAFDARJUN, IN",28.583,77.2,216.0,2020-10-07,85,98.0,65.0
4283,IN022021900,"NEW DELHI SAFDARJUN, IN",28.583,77.2,216.0,2020-10-08,84,97.0,66.0
4284,IN022021900,"NEW DELHI SAFDARJUN, IN",28.583,77.2,216.0,2020-10-09,84,96.0,67.0
4285,IN022021900,"NEW DELHI SAFDARJUN, IN",28.583,77.2,216.0,2020-10-10,84,95.0,67.0
4286,IN022021900,"NEW DELHI SAFDARJUN, IN",28.583,77.2,216.0,2020-10-11,84,,68.0
4287,IN022021900,"NEW DELHI SAFDARJUN, IN",28.583,77.2,216.0,2020-10-12,83,96.0,67.0
4288,IN022021900,"NEW DELHI SAFDARJUN, IN",28.583,77.2,216.0,2020-10-13,85,96.0,68.0
4289,IN022021900,"NEW DELHI SAFDARJUN, IN",28.583,77.2,216.0,2020-10-14,86,96.0,75.0
4290,IN022021900,"NEW DELHI SAFDARJUN, IN",28.583,77.2,216.0,2020-10-15,83,,
4291,IN022021900,"NEW DELHI SAFDARJUN, IN",28.583,77.2,216.0,2020-10-16,81,95.0,62.0
4292,IN022021900,"NEW DELHI SAFDARJUN, IN",28.583,77.2,216.0,2020-10-17,80,,62.0
4293,IN022021900,"NEW DELHI SAFDARJUN, IN",28.583,77.2,216.0,2020-10-18,81,95.0,62.0
4294,IN022021900,"NEW DELHI SAFDARJUN, IN",28.583,77.2,216.0,2020-10-19,78,94.0,61.0
4295,IN022021900,"NEW DELHI SAFDARJUN, IN",28.583,77.2,216.0,2020-10-20,78,,57.0
4296,IN022021900,"NEW DELHI SAFDARJUN, IN",28.583,77.2,216.0,2020-10-21,80,,58.0
4297,IN022021900,"NEW DELHI SAFDARJUN, IN",28.583,77.2,216.0,2020-10-22,79,95.0,63.0
4298,IN022021900,"NEW DELHI SAFDARJUN, IN",28.583,77.2,216.0,2020-10-23,77,,58.0
4299,IN022021900,"NEW DELHI SAFDARJUN, IN",28.583,77.2,216.0,2020-10-24,76,93.0,58.0
4300,IN022021900,"NEW DELHI SAFDARJUN, IN",28.583,77.2,216.0,2020-10-25,78,92.0,57.0
4301,IN022021900,"NEW DELHI SAFDARJUN, IN",28.583,77.2,216.0,2020-10-26,77,93.0,59.0
4302,IN022021900,"NEW DELHI SAFDARJUN, IN",28.583,77.2,216.0,2020-10-27,76,91.0,58.0
4303,IN022021900,"NEW DELHI SAFDARJUN, IN",28.583,77.2,216.0,2020-10-28,74,90.0,57.0
4304,IN022021900,"NEW DELHI SAFDARJUN, IN",28.583,77.2,216.0,2020-10-29,70,,54.0
4305,IN022021900,"NEW DELHI SAFDARJUN, IN",28.583,77.2,216.0,2020-10-30,71,90.0,56.0
4306,IN022021900,"NEW DELHI SAFDARJUN, IN",28.583,77.2,216.0,2020-10-31,74,89.0,55.0
4307,IN022021900,"NEW DELHI SAFDARJUN, IN",28.583,77.2,216.0,2020-11-01,72,,53.0
4308,IN022021900,"NEW DELHI SAFDARJUN, IN",28.583,77.2,216.0,2020-11-02,66,87.0,51.0
4309,IN022021900,"NEW DELHI SAFDARJUN, IN",28.583,77.2,216.0,2020-11-03,67,,50.0
4310,IN022021900,"NEW DELHI SAFDARJUN, IN",28.583,77.2,216.0,2020-11-04,68,89.0,51.0
4311,IN022021900,"NEW DELHI SAFDARJUN, IN",28.583,77.2,216.0,2020-11-05,70,,52.0
4312,IN022021900,"NEW DELHI SAFDARJUN, IN",28.583,77.2,216.0,2020-11-06,68,,52.0
4313,IN022021900,"NEW DELHI SAFDARJUN, IN",28.583,77.2,216.0,2020-11-07,67,88.0,53.0
4314,IN022021900,"NEW DELHI SAFDARJUN, IN",28.583,77.2,216.0,2020-11-08,65,86.0,52.0
4315,IN022021900,"NEW DELHI SAFDARJUN, IN",28.583,77.2,216.0,2020-11-09,66,85.0,50.0
4316,IN022021900,"NEW DELHI SAFDARJUN, IN",28.583,77.2,216.0,2020-11-10,67,,51.0
4317,IN022021900,"NEW DELHI SAFDARJUN, IN",28.583,77.2,216.0,2020-11-11,67,86.0,53.0
4318,IN022021900,"NEW DELHI SAFDARJUN, IN",28.583,77.2,216.0,2020-11-12,68,86.0,53.0
4319,IN022021900,"NEW DELHI SAFDARJUN, IN",28.583,77.2,216.0,2020-11-13,71,,54.0
4320,IN022021900,"NEW DELHI SAFDARJUN, IN",28.583,77.2,216.0,2020-11-14,69,85.0,51.0
4321,IN022021900,"NEW DELHI SAFDARJUN, IN",28.583,77.2,216.0,2020-11-15,71,,53.0
4322,IN022021900,"NEW DELHI SAFDARJUN, IN",28.583,77.2,216.0,2020-11-16,71,84.0,61.0
4323,IN022021900,"NEW DELHI SAFDARJUN, IN",28.583,77.2,216.0,2020-11-17,67,78.0,55.0
4324,IN022021900,"NEW DELHI SAFDARJUN, IN",28.583,77.2,216.0,2020-11-18,63,79.0,51.0
4325,IN022021900,"NEW DELHI SAFDARJUN, IN",28.583,77.2,216.0,2020-11-19,64,78.0,49.0
4326,IN022021900,"NEW DELHI SAFDARJUN, IN",28.583,77.2,216.0,2020-11-20,62,78.0,45.0
4327,IN022021900,"NEW DELHI SAFDARJUN, IN",28.583,77.2,216.0,2020-11-21,60,78.0,47.0
4328,IN022021900,"NEW DELHI SAFDARJUN, IN",28.583,77.2,216.0,2020-11-22,59,76.0,44.0
4329,IN022021900,"NEW DELHI SAFDARJUN, IN",28.583,77.2,216.0,2020-11-23,60,,43.0
4330,IN022021900,"NEW DELHI SAFDARJUN, IN",28.583,77.2,216.0,2020-11-24,60,79.0,44.0
4331,IN022021900,"NEW DELHI SAFDARJUN, IN",28.583,77.2,216.0,2020-11-25,63,78.0,51.0
4332,IN022021900,"NEW DELHI SAFDARJUN, IN",28.583,77.2,216.0,2020-11-26,65,,51.0
4333,IN022021900,"NEW DELHI SAFDARJUN, IN",28.583,77.2,216.0,2020-11-27,65,,50.0
4334,IN022021900,"NEW DELHI SAFDARJUN, IN",28.583,77.2,216.0,2020-11-28,62,81.0,50.0
4335,IN022021900,"NEW DELHI SAFDARJUN, IN",28.583,77.2,216.0,2020-11-29,61,80.0,45.0
4336,IN022021900,"NEW DELHI SAFDARJUN, IN",28.583,77.2,216.0,2020-11-30,60,80.0,44.0
4337,IN022021900,"NEW DELHI SAFDARJUN, IN",28.583,77.2,216.0,2020-12-01,63,80.0,47.0
4338,IN022021900,"NEW DELHI SAFDARJUN, IN",28.583,77.2,216.0,2020-12-02,62,81.0,47.0
4339,IN022021900,"NEW DELHI SAFDARJUN, IN",28.583,77.2,216.0,2020-12-03,62,,47.0
4340,IN022021900,"NEW DELHI SAFDARJUN, IN",28.583,77.2,216.0,2020-12-04,63,,46.0
4341,IN022021900,"NEW DELHI SAFDARJUN, IN",28.583,77.2,216.0,2020-12-05,64,84.0,52.0
4342,IN022021900,"NEW DELHI SAFDARJUN, IN",28.583,77.2,216.0,2020-12-06,65,,53.0
4343,IN022021900,"NEW DELHI SAFDARJUN, IN",28.583,77.2,216.0,2020-12-07,65,83.0,54.0
4344,IN022021900,"NEW DELHI SAFDARJUN, IN",28.583,77.2,216.0,2020-12-08,64,,49.0
4345,IN022021900,"NEW DELHI SAFDARJUN, IN",28.583,77.2,216.0,2020-12-09,65,,49.0
4346,IN022021900,"NEW DELHI SAFDARJUN, IN",28.583,77.2,216.0,2020-12-10,65,84.0,52.0
4347,IN022021900,"NEW DELHI SAFDARJUN, IN",28.583,77.2,216.0,2020-12-11,65,83.0,52.0
4348,IN022021900,"NEW DELHI SAFDARJUN, IN",28.583,77.2,216.0,2020-12-12,62,78.0,
4349,IN022021900,"NEW DELHI SAFDARJUN, IN",28.583,77.2,216.0,2020-12-13,58,71.0,
4350,IN022021900,"NEW DELHI SAFDARJUN, IN",28.583,77.2,216.0,2020-12-14,51,69.0,
4351,IN022021900,"NEW DELHI SAFDARJUN, IN",28.583,77.2,216.0,2020-12-15,52,67.0,39.0
4352,IN022021900,"NEW DELHI SAFDARJUN, IN",28.583,77.2,216.0,2020-12-16,53,65.0,42.0
4353,IN022021900,"NEW DELHI SAFDARJUN, IN",28.583,77.2,216.0,2020-12-17,48,65.0,40.0
4354,IN022021900,"NEW DELHI SAFDARJUN, IN",28.583,77.2,216.0,2020-12-18,53,,40.0
4355,IN022021900,"NEW DELHI SAFDARJUN, IN",28.583,77.2,216.0,2020-12-19,57,,39.0
4356,IN022021900,"NEW DELHI SAFDARJUN, IN",28.583,77.2,216.0,2020-12-20,55,71.0,38.0
4357,IN022021900,"NEW DELHI SAFDARJUN, IN",28.583,77.2,216.0,2020-12-21,57,,42.0
4358,IN022021900,"NEW DELHI SAFDARJUN, IN",28.583,77.2,216.0,2020-12-22,57,78.0,42.0
4359,IN022021900,"NEW DELHI SAFDARJUN, IN",28.583,77.2,216.0,2020-12-23,55,75.0,39.0
4360,IN022021900,"NEW DELHI SAFDARJUN, IN",28.583,77.2,216.0,2020-12-24,58,74.0,40.0
4361,IN022021900,"NEW DELHI SAFDARJUN, IN",28.583,77.2,216.0,2020-12-25,55,74.0,40.0
4362,IN022021900,"NEW DELHI SAFDARJUN, IN",28.583,77.2,216.0,2020-12-26,56,72.0,40.0
4363,IN022021900,"NEW DELHI SAFDARJUN, IN",28.583,77.2,216.0,2020-12-27,59,71.0,43.0
4364,IN022021900,"NEW DELHI SAFDARJUN, IN",28.583,77.2,216.0,2020-12-28,53,73.0,42.0
4365,IN022021900,"NEW DELHI SAFDARJUN, IN",28.583,77.2,216.0,2020-12-29,51,70.0,38.0
4366,IN022021900,"NEW DELHI SAFDARJUN, IN",28.583,77.2,216.0,2020-12-30,48,65.0,38.0
4367,IN022021900,"NEW DELHI SAFDARJUN, IN",28.583,77.2,216.0,2020-12-31,51,,38.0
